ID,nback_1_dprime,nback_2_dprime,nback_3_dprime,nback_1_2_mean_dprime,nback_1_2_3_mean_dprime
5501,-0.253347103,-0.608420237,0,-0.43088367,-0.28725578
5506,0.3172207208648733,-0.607061815,-0.27105341,-0.144920547,-0.186964835
5507,2.1231727991175147,0.6386675695433675,0.27105340957224117,1.380920184330441,1.0109645927443744
5508,-4.011543691,-1.120453114,-3.740490281,-2.565998403,-2.957495695
5510,4.518237897058625,-0.363302061,-4.011543691,2.077467917825876,0.047797382
5513,0,0,-0.439930332,0,-0.146643444
5518,-0.524400513,-0.800151097,-4.789291307,-0.662275805,-2.037947639
5520,-2.123172799,0,0,-1.0615864,-0.707724266
200,5.5464423594674255,-0.63866757,-4.518237897,2.4538873949620292,0.12984563095480586
1001,4.789291306630865,2.5631031310892007,0.5882741304371144,3.676197218860033,2.6468895227190603
1002,2.5631031310892007,1.3660217462809552,1.8059520782526413,1.964562438685078,1.9116923185409325
1004,2.5631031310892007,1.0488010254160816,-0.524400513,1.8059520782526413,1.0291678812657472
1005,8.529781587846665,1.956041315740682,0.4399303319716862,5.242911451793674,3.6419177451863445
1006,2.5631031310892007,1.0488010254160816,0.2533471031357997,1.8059520782526413,1.2884170865470275
1008,5.5464423594684416,1.5608339022018307,0.8416212335729142,3.553638130835136,2.649632498414395
1102,2.1231727991175147,2.317984955,-1.534898669,2.220578877077952,0.9687530284918348
1103,5.5464423594674255,2.1231727991175147,0.8416212335729142,3.834807579,2.8370787973859515
1201,0.2533471031357997,-1.366021746,-4.518237897,-0.556337322,-1.876970847
1202,0.7571510528365595,3.289707253902945,0,2.023429153369752,1.3489527689131682
1203,5.106512027495739,-0.506694206,0,2.299908911,1.5332726070747134
1204,2.5631031310892007,0.5882741304371144,-0.27105341,1.5756886307631577,0.960107951
1205,-0.524400513,2.317984955,0.7571510528365597,0.8967922211651748,0.8502451650556364
1206,-2.983339228,-0.510981813,1.2815515655446004,-1.747160521,-0.737589825
1207,2.5631031310892007,0.2596591195524937,-0.27105341,1.4113811253208473,0.8505696136898178
1208,8.529781587846665,-0.63866757,-5.546442359,3.945557009151649,0.7815572196119577
1209,8.529781587846665,1.516110983768996,1.3660217462809552,5.022946285807831,3.803971439298872
1210,5.106512027496755,8.529781587846665,0.5882741304371144,6.8181468076717096,4.741522581926844
1211,5.106512027495739,0.8416212335729142,-0.317220721,2.9740666305343266,1.8769708467345934
1212,5.5464423594684416,2.1231727991175147,5.5464423594674255,3.834807579292978,4.4053525060177945
1213,5.106512027495739,0.9097209791156087,1.2815515655446004,3.008116503305674,2.432594857385316
1214,8.529781587846665,1.4217538559013576,-0.27105341,4.9757677218740115,3.2268273447252604
1215,8.529781587846665,2.317984955,1.534898669,5.423883271442528,4.127555070521819
1302,2.1231727991175147,1.1558902186895263,0.7571510528365595,1.6395315089035205,1.3454046902145336
1303,0.5244005127080409,-0.65006186,-5.546442359,-0.062830673,-1.890701235
1305,5.106512027496755,1.2897804926295895,0.7571510528365595,3.1981462600631723,2.3844811909876347
1306,-0.524400513,-1.198890263,-4.518237897,-0.861645388,-2.080509558
1307,4.264890793922825,-2.16925414,-4.789291307,1.0478183271316555,-0.897884884
1308,5.5464423594684416,1.2269416999804819,0.27105340957224117,3.3866920297244616,2.3481458230070547
1309,1.094968336708714,0.5244005127080409,0,0.8096844247083774,0.5397896164722517
1310,2.1231727991175147,4.789291306630865,1.094968336708714,3.456232053,2.669144147485698
1311,1.805952078252641,0.39873916585296687,,1.102345622052804,
1312,1.6832424671458286,0.651112923,0.3172207208648733,1.1671776951160253,0.8838587036989747
1313,5.106512027496755,1.5608339022018305,3.7404902812147838,3.3336729648492924,3.469278736971123
1314,5.5464423594684416,1.3660217462809552,0.5882741304371144,3.4562320528746984,2.500246078728837
1315,5.5464423594674255,1.7109231396898714,0.8416212335729142,3.6286827495786484,2.6996622442434037
1316,4.789291306630865,3.590401043726743,3.4232695603499104,4.189846175178804,3.934320636902506
1317,0.5244005127080409,-0.777747616,-2.563103131,-0.126673552,-0.938816745
1318,5.5464423594684416,4.518237897058625,1.3660217462809552,5.032340128263533,3.8102340009360067
1319,8.529781587846665,2.317984955,0.5066942062715994,5.423883271442528,3.7848202497188854
1320,5.5464423594674255,2.1231727991175147,0.27105340957224117,3.834807579,2.6468895227190603
1321,4.518237897058625,0.7830862863579902,-0.27105341,2.6506620917083072,1.676756924614791
1322,5.5464423594684416,1.8780546230667041,0.5066942062715994,3.712248491267573,2.643730396268915
1323,2.5631031310892007,0.5244005127080409,0.2533471031357997,1.5437518218986208,1.1136169156443472
1324,8.529781587846665,1.2269416999804819,-1.094968337,4.878361643913574,2.887251650372811
1325,1.805952078252641,1.2815515655446004,-0.27105341,1.5437518218986206,0.9388167447416667
1327,5.106512027496755,1.226941699980482,1.2815515655446004,3.166726863738618,2.5383350976739454
1328,8.529781587846665,1.8780546230667041,-0.757151053,5.203918105456685,3.2168950526922706
1329,5.5464423594674255,-1.3489795,-5.546442359,2.098731429537631,-0.449659833
1330,2.1231727991175147,-1.198890263,-5.546442359,0.4621412681066961,-1.540719941
1331,2.1231727991175147,0.9097209791156087,-0.58827413,1.5164468891165617,0.814873216
1332,5.5464423594674255,1.0598102166036494,4.0115436907870246,3.3031262880355374,3.5392654222860336
1334,0.5244005127080409,-1.366021746,-4.789291307,-0.420810617,-1.876970847
1335,0.5244005127080409,-0.65006186,-1.366021746,-0.062830673,-0.497227698
1336,2.5631031310892007,-1.289780493,0,0.6366613192298056,0.4244408794865371
1337,5.106512027495739,1.5191922800963988,-0.439930332,3.312852153796069,2.0619246585401507
1338,0.7777476158438406,-1.198890263,-4.518237897,-0.210571324,-1.646460181
1339,1.6832424671458286,-1.198890263,-4.518237897,0.24217610212085305,-1.344628564
1340,5.5464423594684416,1.094968336708714,0.2533471031357997,3.3207053480885778,2.298252599770985
1341,8.529781587846665,0.7777476158438406,0.5244005127080409,4.653764601845253,3.2773099054661827
1342,-0.841621234,-1.516110984,-4.518237897,-1.178866109,-2.291990038
1343,2.5631031310892007,1.1988902629041225,-0.777747616,1.8809966969966616,0.9947485927164942
1344,5.5464423594684416,-0.715959887,-4.518237897,2.4152412363753006,0.10408152523032015
1345,4.264890793923841,-0.510981813,-4.518237897,1.8769544903305995,-0.254776305
1346,8.529781587846665,1.6832424671458286,0.5066942062715994,5.106512027496247,3.573239420421365
1347,4.789291306631881,1.2897804926295895,0.2533471031357997,3.039535899630735,2.1108063007990903
1348,2.1231727991175147,0.5066942062715994,0.7777476158438406,1.314933502694557,1.135871540410985
1349,5.5464423594674255,1.534898669,-0.58827413,3.5406705140739128,2.164355632570237
1350,1.6832424671458286,1.805952078252641,0.5244005127080407,1.744597272699235,1.3378650193688368
1351,4.789291306630865,0.421142647,3.7404902812147838,2.6052169768455737,2.9836414116353107
1352,5.5464423594674255,0.27105340957224117,0.4399303319716862,2.9087478845198333,2.0858087003371177
1353,-0.524400513,0.27105340957224094,0,-0.126673552,-0.084449034
1354,5.106512027495739,0.8001510970511558,0,2.9533315622734477,1.9688877081822984
1355,1.534898669,1.1988902629041225,1.0282044624088007,1.3668944657922613,1.2539977979977743
1356,5.106512027495739,0.7777476158438406,0,2.942129822,1.9614198811131933
1357,1.6832424671458286,1.1988902629041225,1.805952078252641,1.4410663650249755,1.562694936100864
1358,-1.805952078,0.5109818132626419,1.534898669,-0.647485132,0.079976135
1359,-0.524400513,-1.198890263,-4.518237897,-0.861645388,-2.080509558
1360,5.106512027496755,1.1558902186895263,-0.777747616,3.1312011230931405,1.8282182101141469
1361,2.1231727991175147,1.6668720319521682,3.4232695603499104,1.8950224155348414,2.404438130473198
1362,5.106512027495739,-0.37900845,-1.534898669,2.363751788752433,1.064201636274822
1363,5.5464423594674255,0.7777476158438406,0.7571510528365595,3.162094987655633,2.3604470093826087
1364,5.106512027496755,1.3660217462809547,0.5244005127080409,3.2362668868888544,2.3323114288285836
1365,0.7777476158438406,1.8780546230667041,0.2533471031357997,1.3279011194552723,0.9697164473487815
1366,5.106512027496755,1.226941699980482,0.2533471031357997,3.166726863738618,2.195600276871012
1367,2.5631031310892007,2.0728667789875797,3.7404902812147838,2.317984955,2.792153397097188
1368,4.789291306631881,1.5608339022018307,0.7777476158438403,3.1750626044168557,2.3759576082258507
1369,1.094968336708714,-1.2269417,-1.805952078,-0.065986682,-0.645975147
1370,1.8059520782526413,0,0.4399303319716862,0.9029760391263206,0.7486274700747758
1371,5.106512027496755,0.9278368533318815,1.3660217462809547,3.017174440414318,2.4667902090365303
1372,5.5464423594674255,1.7109231396898714,0.3172207208648733,3.6286827495786484,2.5248620733407234
1373,2.1231727991175147,0.38532046640756773,0.27105340957224117,1.2542466327625412,0.9265155583657746
1374,8.529781587846665,1.956041315740682,0,5.242911451793674,3.4952743011957828
1375,5.5464423594674255,1.6832424671458286,-4.011543691,3.614842413306627,1.0727137119420764
1376,8.529781587846665,1.3660217462809547,1.094968336708714,4.947901667,3.663590556945445
1377,8.529781587846665,0.7777476158438406,0.2533471031357997,4.653764601845253,3.186958768942102
1378,8.529781587846665,0.6744897501960817,1.805952078252641,4.602135669021374,3.670074472098463
1379,5.5464423594684416,1.3660217462809547,0.5244005127080409,3.4562320528746984,2.478954872819146
1380,5.5464423594684416,1.805952078252641,0,3.6761972188605414,2.4507981459070276
1381,1.805952078252641,0.9097209791156085,-0.27105341,1.3578365286841247,0.8148732159320028
1382,2.5631031310892007,2.9264051924960723,1.3660217462809547,2.7447541617926365,2.2851766899554096
1383,4.518237897058625,-0.139080046,-1.281551566,2.1895789253790756,1.032535428404517
1918,8.529781587846665,0.3790084499908739,-0.757151053,4.4543950189187695,2.717212995000326
2001,8.529781587846665,4.6502112603303924,3.7404902812147838,6.589996424088529,5.640161043130614
2002,8.529781587846665,0.15008923748804104,-1.534898669,4.339935412667353,2.3816573855514354
2003,0,-0.27105341,4.518237897058625,-0.135526705,1.4157281624954612
2004,8.529781587846665,4.6502112603303924,-0.317220721,6.589996424088529,4.2875907091040615
2005,5.5464423594684416,1.5608339022018305,0,3.553638130835136,2.369092087223424
2006,1.805952078252641,0.2533471031357997,0.2533471031357997,1.0296495906942205,0.7708820948414136
2007,2.5631031310892007,0.421142647,0.3172207208648733,1.4921228890747413,1.1004888330047853
2101,2.1231727991175147,1.6448536269514729,0.27105340957224117,1.8840132130344938,1.3463599452137427
2102,5.106512027496755,0.5109818132626418,0.2533471031357997,2.808746920379698,1.9569469812983986
2103,4.789291306630865,1.770514973806547,3.4232695603499104,3.279903140218706,3.3276919469291073
2201,5.106512027495739,0.15008923748804082,-5.106512027,2.6283006324918903,0.050029746
2202,1.805952078252641,0.2533471031357997,-0.253347103,1.0296495906942205,0.6019840260842138
2203,5.5464423594684416,1.1558902186895263,-0.58827413,3.351166289078984,2.0380194825736178
2204,2.1231727991175147,0.3790084499908739,-0.58827413,1.2510906245541942,0.6379690395570913
2205,-0.524400513,-0.251322694,-0.524400513,-0.387861603,-0.433374573
2206,8.529781587846665,1.7109231396898714,0,5.120352363768268,3.413568242512179
2207,0.31722072086487363,-0.909720979,-1.281551566,-0.296250129,-0.624683941
2208,5.5464423594674255,2.5631031310892007,-1.281551566,4.0547727452783136,2.275997975004009
2210,5.5464423594674255,1.534898669,3.4232695603499104,3.5406705140739128,3.5015368628325785
2211,8.529781587846665,1.5608339022018305,-0.253347103,5.045307745024248,3.2790894623042317
2212,1.3660217462809547,-0.65006186,-5.106512027,0.357979943,-1.46351738
2213,2.1231727991175147,2.317984955,1.094968336708714,2.220578877077952,1.8453753636215395
2214,5.5464423594684416,1.5608339022018307,0.5244005127080407,3.553638130835136,2.543892258126104
2215,2.5631031310892007,3.289707253902945,-0.253347103,2.926405192496073,1.8664877606187817
2301,8.529781587846665,1.1620947363488638,0.27105340957224117,4.845938162097765,3.320976578
2302,1.094968336708714,0.7159598867178402,-1.048801025,0.9054641117132771,0.2540423993368242
2303,1.094968336708714,0.3172207208648733,-0.439930332,0.7060945287867937,0.3240862418673004
2305,8.529781587846665,2.169254139659513,0,5.349517863753089,3.5663452425020594
2306,5.5464423594674255,1.4072129123996746,0,3.476827636,2.3178850906223665
2307,5.5464423594684416,1.2269416999804819,2.5631031310892007,3.3866920297244616,3.1121623968460415
2308,0.5882741304371146,-0.150089237,-1.094968337,0.2190924464745368,-0.218927815
2309,1.0488010254160816,-1.878054623,-5.106512027,-0.414626799,-1.978588542
2310,5.5464423594674255,0,0.8416212335729142,2.7732211797337127,2.1293545310134463
2311,-0.524400513,-1.198890263,-4.518237897,-0.861645388,-2.080509558
2312,5.5464423594684416,0.6386675695433675,0.27105340957224117,3.0925549645059043,2.152054446194683
2313,-4.518237897,1.0364333894937898,0.3172207208648733,-1.740902254,-1.054861262
2314,2.1231727991175147,0.12768575628072557,0.27105340957224117,1.1254292776991202,0.8406373216568271
2315,1.3660217462809547,1.2269416999804819,1.0282044624088007,1.2964817231307184,1.2070559695567458
2316,8.529781587846665,0.8416212335729142,-0.439930332,4.685701411,2.977157496482631
2317,1.534898669,2.6812870164452627,0,2.108092842562831,1.4053952283752207
2318,0,-4.789291307,-5.546442359,-2.394645653,-3.445244555
2320,8.529781587846665,2.9264051924960732,0.3172207208648733,5.728093390171369,3.9244691670692036
2321,5.5464423594674255,2.1231727991175147,0,3.834807579,2.556538386
2322,1.805952078252641,4.0115436907870246,4.264890793922825,2.908747884519833,3.3607955209874967
2323,5.5464423594674255,1.3660217462809552,4.518237897058625,3.4562320528741903,3.8102340009356688
2324,5.5464423594674255,2.6812870164452622,0,4.113864687956344,2.7425764586375627
2325,5.106512027496755,1.0488010254160816,0,3.077656526456418,2.0517710176376123
2326,2.5631031310892007,1.805952078252641,1.6832424671458286,2.184527604670921,2.0174325588292237
2327,-0.524400513,1.1988902629041225,0.8416212335729142,0.3372448750980409,0.5053703279229986
2328,8.529781587846665,0.9278368533318815,0.3172207208648733,4.728809220589273,3.2582797206811396
2329,-0.524400513,-0.150089237,0.27105340957224094,-0.337244875,-0.13447878
2330,5.106512027496755,0.38532046640756773,0.3172207208648733,2.745916246952161,1.9363510715897319
2331,5.5464423594684416,2.1231727991175147,-0.253347103,3.834807579292978,2.472089351816719
2332,0.7777476158438406,0,-1.281551566,0.3888738079219203,-0.16793465
2333,5.5464423594684416,1.094968336708714,0,3.3207053480885778,2.2138035653923853
2334,1.3660217462809547,2.319343377147554,0.8416212335729142,1.8426825617142544,1.5089954523338076
2335,1.6832424671458286,-2.317984955,-5.106512027,-0.317371244,-1.913751505
2336,4.518237897059641,0.27105340957224117,-0.439930332,2.394645653315941,1.4497869915533987
2337,8.529781587846665,1.1558902186895263,-0.27105341,4.842835903268096,3.138206132321317
2338,8.529781587846665,-3.228457404,-3.42326956,2.6506620917088153,0.6260182076892401
2339,-2.983339228,0.9672825804279883,-0.317220721,-1.008028324,-0.777759123
2340,-0.524400513,-0.253347103,-0.777747616,-0.388873808,-0.518498411
2341,5.5464423594684416,1.8780546230667041,0.8416212335729142,3.712248491267573,2.7553727387026865
2342,0,0.5109818132626418,0.7777476158438406,0.2554909066313209,0.42957647636882745
2343,5.106512027495739,0.2596591195524937,1.3660217462809547,2.6830855735241164,2.244064297776396
2344,5.106512027496755,0.3172207208648733,0.3172207208648733,2.711866374180814,1.9136511564088339
2345,-0.524400513,-1.198890263,-4.518237897,-0.861645388,-2.080509558
2346,4.518237897058625,1.4072129123996744,1.0488010254160816,2.9627254047291496,2.324750611624794
2347,5.5464423594674255,0.9278368533318815,-1.683242467,3.2371396063996536,1.5970122485511595
2348,4.789291306631881,1.3660217462809547,1.6832424671458286,3.077656526456418,2.612851840019555
2349,5.5464423594684416,4.0115436907870246,-0.317220721,4.778993025127733,3.0802551097968642
2350,1.6832424671458286,-1.198890263,-5.546442359,0.24217610212085305,-1.687363385
2351,5.5464423594674255,4.0115436907870246,0,4.778993025127225,3.1859953500848164
2352,8.529781587846665,1.0488010254160816,4.789291306630865,4.789291306631373,4.7892913066312035
2353,-4.789291307,-8.529781588,-8.529781588,-6.659536447,-7.282951494
2354,8.529781587846665,0.37900844999087374,0.5882741304371144,4.4543950189187695,3.165688056091551
2356,8.529781587846665,2.317984955,0.5066942062715994,5.423883271442528,3.7848202497188854
2357,5.106512027495739,1.0598102166036494,-1.366021746,3.0831611220496944,1.6001001659394778
2358,5.5464423594674255,0.6386675695433675,-2.123172799,3.0925549645053962,1.3539790432977592
2359,2.1231727991175147,0.1276857562807257,-1.281551566,1.1254292776991202,0.3231023299512133
2360,5.5464423594674255,1.1988902629041225,0,3.3726663111857738,2.2484442074571827
2361,0.8416212335729142,1.3660217462809547,-0.777747616,1.1038214899269345,0.4766317880033429
2362,5.5464423594674255,1.2269416999804819,-0.58827413,3.3866920297239536,2.061703309670264
2363,5.5464423594674255,1.805952078252641,1.0282044624088007,3.6761972188600334,2.793532966709622
2364,-0.777747616,-1.3489795,-4.518237897,-1.063363558,-2.214988338
2365,4.518237897058625,1.7109231396898714,0.2533471031357997,3.114580518374248,2.160836046628099
2366,2.5631031310892007,0.38532046640756773,0.2533471031357997,1.4742117987483843,1.067256900210856
2367,8.529781587846665,0.9672825804279883,-0.841621234,4.748532084137327,2.8851476449005804
2368,8.529781587846665,1.0598102166036494,-1.094968337,4.794795902225157,2.831541155913867
2369,5.5464423594674255,0.38532046640756773,0.2533471031357997,2.9658814129374966,2.0617033096702646
2370,5.5464423594674255,5.106512027496755,1.094968336708714,5.326477193,3.9159742412242977
2371,5.5464423594674255,1.6832424671458286,1.2815515655446004,3.614842413306627,2.8370787973859515
2372,5.106512027496755,0.25132269371014815,0.5066942062715994,2.6789173606034513,1.9548429758261674
2373,8.529781587846665,1.805952078252641,-0.253347103,5.167866833049653,3.3607955209878355
2374,5.5464423594684416,2.0728667789875797,-0.777747616,3.8096545692280106,2.2805205075373935
2375,0.5244005127080409,-1.366021746,-4.518237897,-0.420810617,-1.78661971
2376,-0.524400513,1.094968336708714,-2.123172799,0.28528391200033665,-0.517534992
2377,5.5464423594674255,0.131973363,3.7404902812147838,2.8392078613695966,3.1396353346513255
2378,8.529781587846665,0.8001510970511558,-3.42326956,4.664966342448911,1.9688877081826373
2380,8.529781587846665,5.106512027496755,0.7777476158438403,6.8181468076717096,4.804680410395753
2381,1.8059520782526413,-0.251322694,-4.789291307,0.7773146922712466,-1.078220641
3001,5.5464423594684416,0.9278368533318815,3.4232695603499104,3.2371396064001616,3.299182924383411
3002,2.5631031310892007,0.9672825804279883,0,1.7651928557585945,1.1767952371723964
3003,5.5464423594674255,2.486474860524387,-0.253347103,4.016458609995906,2.593190038952004
3004,1.3660217462809547,0.5109818132626419,0,0.9385017797717983,0.6256678531811989
3005,5.5464423594674255,5.5464423594674255,0.3172207208648733,5.5464423594674255,3.803368479933241
3006,8.529781587846665,0.7159598867178402,-0.439930332,4.622870737282253,2.935270380864273
3007,2.1231727991175147,0.5066942062715994,-0.317220721,1.314933502694557,0.7708820948414136
3035,1.8059520782526413,1.3489795003921634,0.5066942062715994,1.5774657893224022,1.220541928305468
3101,0.5244005127080409,-1.770514974,-5.106512027,-0.623057231,-2.117542163
3102,1.0488010254160816,0.9097209791156087,0,0.9792610022658451,0.6528406681772301
3103,-0.524400513,-1.71092314,-1.805952078,-1.117661826,-1.34709191
3201,2.1231727991175147,1.1988902629041225,0.5882741304371144,1.6610315310108186,1.3034457308195837
3202,5.5464423594684416,2.0728667789875797,-0.27105341,3.8096545692280106,2.4494185762945935
3203,1.805952078252641,1.1988902629041225,0,1.5024211705783816,1.0016141137189212
3204,4.789291306630865,1.3660217462809552,1.0282044624088007,3.077656526,2.394505838440207
3205,8.529781587846665,0.65006186,1.3660217462809547,4.589921724,3.515288397896912
3206,0.5244005127080409,0.9097209791156085,-0.58827413,0.7170607459118247,0.2819491204621783
3207,5.5464423594674255,0.421142647,-0.524400513,2.983792503263854,1.814394831273222
3208,1.6832424671458286,0.9672825804279883,3.7404902812147838,1.3252625237869085,2.1303384429295336
3209,1.3660217462809547,2.317984955,0.8416212335729142,1.8420033506596725,1.5085426449640862
3210,-0.524400513,0.2596591195524937,0.8416212335729142,-0.132370697,0.1922932801391224
3211,8.529781587846665,1.2815515655446004,0.3172207208648733,4.905666576695633,3.376184624752046
3212,5.5464423594684416,2.486474860524387,5.106512027495739,4.016458609996414,4.379809749162856
3213,-0.777747616,1.0598102166036494,-0.317220721,0.14103130037990452,-0.011719373
3214,5.106512027495739,1.516110983768996,1.094968336708714,3.311311505632368,2.5725304493244834
3301,5.5464423594674255,0.7777476158438406,-0.317220721,3.162094987655633,2.002323084815464
3302,5.5464423594684416,2.0728667789875797,0.27105340957224117,3.8096545692280106,2.630120849342754
3303,1.534898669,1.0282044624088007,0.8416212335729142,1.2815515655446004,1.1349081215540384
3305,2.1231727991175147,-4.264890794,-0.506694206,-1.070858997,-0.882804067
3306,1.8059520782526413,1.7109231396898714,0.7571510528365595,1.7584376089712563,1.4246754235930241
3307,8.529781587846665,-0.139080046,0,4.195350770773096,2.796900513848731
3308,2.1231727991175147,0.421142647,-1.028204462,1.2721577230888983,0.5053703279229986
3309,5.5464423594674255,1.956041315740682,0,3.751241837604054,2.500827891736036
3310,5.106512027495739,1.956041315740682,0,3.531276671618211,2.354184447745474
3311,8.529781587846665,1.4072129123996746,0.7571510528365595,4.96849725,3.564715184360967
3312,2.5631031310892007,0.9278368533318815,0.5882741304371144,1.7454699922105412,1.3597380382860658
3313,5.106512027495739,2.1231727991175147,0,3.614842413306627,2.409894942204418
3314,5.5464423594674255,1.162094736348864,0.5882741304371144,3.354268547908145,2.4322704087511346
3315,0.7777476158438406,0.12566134685507416,0,0.45170448134945734,0.3011363208996382
3316,5.5464423594674255,1.0598102166036494,-0.439930332,3.3031262880355374,2.0554407480331296
3317,2.1231727991175147,3.289707253902945,1.3660217462809547,2.7064400265102297,2.259633933100471
3318,0.5244005127080409,0,-0.841621234,0.26220025635402044,-0.10574024
3319,5.5464423594684416,0.9672825804279883,0,3.256862469948215,2.171241646632143
3320,5.5464423594684416,2.3193433771475545,-0.439930332,3.932892868307998,2.4752851348814366
3321,4.789291306630865,0.13908004630047316,-0.317220721,2.4641856764656693,1.5370502106888217
3322,3.4232695603499104,0.16713148337683248,-1.094968337,1.7952005218633715,0.8318109023393431
3323,1.805952078252641,1.516110983768996,0.7777476158438406,1.6610315310108184,1.3666035592884924
3324,5.5464423594684416,1.516110983768996,4.264890793922825,3.531276671618719,3.7758147123867545
3325,1.0488010254160816,0.12566134685507402,0,0.5872311861355778,0.39148745742371854
3326,8.529781587846665,1.5608339022018305,0.7777476158438406,5.045307745024248,3.622787701964112
3327,2.1231727991175147,0.7830862863579902,1.534898669,1.4531295427377524,1.480385918051968
3328,5.106512027496755,1.1988902629041225,-0.757151053,3.1527011452004388,1.849417079188106
3329,4.789291306630865,-2.072866779,-5.106512027,1.3582122638216427,-0.796695833
3330,2.5631031310892007,0.5882741304371144,0.7571510528365595,1.5756886307631577,1.3028427714542916
3331,2.1231727991175147,1.1988902629041225,-2.123172799,1.6610315310108186,0.3996300876347075
3332,8.529781587846665,2.1231727991175147,0,5.326477193,3.5509847956547262
3333,0,0.9097209791156087,-0.27105341,0.45486048955780434,0.21288918984778915
3334,5.5464423594684416,1.3489795003921634,-5.106512027,3.4477109299303024,0.5963032774546168
3335,5.5464423594684416,1.6668720319521682,3.7404902812147838,3.606657195710305,3.651268224211798
3336,-0.524400513,-1.366021746,-4.789291307,-0.945211129,-2.226571189
3338,2.5631031310892007,1.226941699980482,1.0282044624088007,1.8950224155348414,1.6060830978261613
3339,1.6832424671458286,-1.366021746,-5.106512027,0.1586103604324367,-1.596430436
3340,4.264890793922825,-0.150089237,0,2.0574007782173918,1.3716005188115945
3341,8.529781587846665,1.956041315740682,-0.317220721,5.242911451793674,3.3895340609074918
3342,8.529781587846665,0.2533471031357997,0,4.391564345491233,2.9277095636608217
3343,-0.506694206,-0.96728258,-1.366021746,-0.736988393,-0.946666178
3344,2.5631031310892007,0.37900844999087374,-0.27105341,1.4710557905400372,0.8903527238359444
3346,-8.529781588,-8.529781588,-8.529781588,-8.529781588,-8.529781588
3347,5.106512027496755,1.0598102166036494,1.805952078252641,3.083161122050202,2.6574247741176817
3348,8.529781587846665,4.939380544119922,1.094968336708714,6.734581065983294,4.854710156
3349,1.3660217462809552,1.1988902629041225,0.5882741304371144,1.2824560045925388,1.0510620465407305
3350,1.6832424671458286,0.8001510970511558,-0.317220721,1.2416967820984923,0.722057614
3351,8.529781587846665,1.5608339022018305,0.2533471031357997,5.045307745024248,3.447987531061432
3352,5.5464423594684416,1.516110983768996,-0.506694206,3.531276671618719,2.185286378988613
3353,5.5464423594674255,1.0282044624088007,-0.253347103,3.287323410938113,2.1070999062468085
3354,8.529781587846665,2.9264051924960723,4.264890793922825,5.728093390171368,5.240359191421853
3355,5.5464423594684416,1.3660217462809547,0.2533471031357997,3.4562320528746984,2.3886037362950656
3356,5.106512027495739,0.6500618595631147,-0.27105341,2.878286943529427,1.828506825828871
3357,1.6832424671458286,0.9097209791156085,-0.524400513,1.2964817231307184,0.6895209778511321
3358,0.27105340957224094,0.13908004630047316,-1.534898669,0.20506672793635705,-0.374921738
3359,2.5631031310892007,2.6812870164452622,0.3172207208648733,2.6221950737672315,1.8538702894664454
3360,5.5464423594674255,0.5244005127080409,0,3.0354214360877334,2.0236142907251558
3361,8.529781587846665,1.0282044624088007,0.27105340957224117,4.778993025127733,3.2763464866092353
3362,-0.524400513,-1.198890263,-4.518237897,-0.861645388,-2.080509558
3363,4.789291306630865,0.24511817605081054,0.5244005127080409,2.517204741340838,1.8529366651299057
3364,0.2533471031357997,-0.139080046,3.7404902812147838,0.057133528,1.2849191126833701
3365,2.1231727991175147,-1.059810217,-4.518237897,0.5316812912569326,-1.151625105
3366,5.5464423594684416,1.0488010254160816,-1.094968337,3.2976216924422617,1.8334250160586032
3367,8.529781587846665,0.2596591195524937,0,4.394720353699579,2.929813569133053
3368,5.5464423594684416,2.486474860524387,0,4.016458609996414,2.6776390733309428
3369,4.518237897059641,0.8001510970511558,-0.253347103,2.6591944970553985,1.6883472969916655
3370,-0.524400513,-1.198890263,-4.518237897,-0.861645388,-2.080509558
3371,1.805952078252641,1.3660217462809552,0.5244005127080407,1.5859869122667982,1.2321247790805456
3372,2.1231727991175147,-0.150089237,0,0.986541781,0.657694521
3373,5.5464423594674255,0.8001510970511557,0.27105340957224117,3.1732967282592908,2.205882288696941
3374,2.1231727991175147,1.094968336708714,0.5066942062715994,1.6090705679131143,1.241611780699276
3375,5.5464423594684416,2.6812870164452627,0,4.113864687956852,2.742576458637901
3376,-0.27105341,-0.96728258,-8.529781588,-0.619167995,-3.256039193
3377,1.094968336708714,0.9278368533318815,-0.317220721,1.0114025950202978,0.5685281563919075
3378,5.5464423594674255,1.8780546230667041,0.5066942062715994,3.712248491267065,2.6437303962685763
3379,2.1231727991175147,0,0.3172207208648733,1.0615863995587573,0.8134645066607961
3380,0.8416212335729143,-1.289780493,-1.683242467,-0.22407963,-0.710467242
3381,8.529781587846665,2.317984955,-0.27105341,5.423883271442528,3.525571044437605
5001,1.8059520782526413,4.6502112603314085,0.5244005127080407,3.228081669292025,2.3268546170973634
5002,1.0488010254160816,-0.37900845,0.4399303319716862,0.33489628771260394,0.36990763579896474
5003,-0.524400513,-1.198890263,-4.518237897,-0.861645388,-2.080509558
5004,1.3660217462809552,-1.516110984,-5.106512027,-0.075044619,-1.752200422
5005,5.5464423594674255,1.1988902629041225,-0.27105341,3.3726663111857738,2.158093070933102
5006,2.5631031310892007,1.1558902186895263,4.0115436907870246,1.8594966748893635,2.5768456801885837
5008,5.5464423594674255,1.7109231396898714,0.5244005127080409,3.6286827495786484,2.5939220039551127
5009,-3.42326956,-0.398739166,,-1.911004363,
5012,-0.524400513,1.4217538559013576,1.3660217462809547,0.44867667159665847,0.7544583631580905
5013,0,0,-3.740490281,0,-1.246830094
5014,2.1231727991175147,0,0.7777476158438406,1.0615863995587573,0.9669734716537851
5015,5.106512027495739,0.12566134685507416,-0.524400513,2.616086687175407,1.5692576205475912
5016,5.5464423594684416,-0.58827413,,2.4790841145156635,
5018,5.5464423594674255,-0.904419973,,2.3210111933995883,
5019,0.2533471031357997,-2.317984955,-8.529781588,-1.032318926,-3.531473147
5020,2.1231727991175147,1.0598102166036494,-4.011543691,1.591491507860582,-0.276186892
5021,1.8059520782526413,1.6448536269514729,-3.42326956,1.725402852602057,0.009178715
5022,5.5464423594684416,4.264890793922825,2.9833392283782243,4.9056665766956336,4.264890793923164
5023,8.529781587846665,2.1231727991175147,0.5066942062715994,5.326477193,3.7198828644119266
5024,8.529781587846665,2.486474860524387,0.5882741304371144,5.508128224185526,3.868176859602722
5025,-0.524400513,-0.506694206,-0.27105341,-0.515547359,-0.434049376
5027,1.805952078252641,0.45630076716534645,0.5882741304371144,1.1311264227089937,0.9501756586183673
5029,5.106512027495739,1.6832424671458286,1.6832424671458286,3.394877247320784,2.824332320595799
5030,5.106512027496755,1.0598102166036494,0.5882741304371144,3.083161122050202,2.2515321248458395
5031,-0.253347103,-2.072866779,-1.683242467,-1.163106941,-1.33648545
5032,-0.524400513,-1.560833902,-4.789291307,-1.042617207,-2.291508574
5033,5.5464423594674255,0.45630076716534645,-0.524400513,3.0013715633163858,1.826114204641577
5034,5.5464423594684416,1.094968336708714,1.805952078252641,3.3207053480885778,2.815787591476599
5036,5.5464423594674255,0.7777476158438406,0,3.162094987655633,2.1080633251037555
5037,5.5464423594684416,1.162094736348864,-0.524400513,3.354268547908653,2.0613788610364217
5038,5.5464423594684416,1.8780546230667041,0,3.712248491267573,2.4748323275117152
5039,8.529781587846665,2.9264051924960723,-0.58827413,5.728093390171368,3.622637549968541
5040,5.106512027496755,2.317984955,0.27105340957224094,3.712248491267572,2.5651834640357953
5042,5.5464423594684416,1.0598102166036494,0.8416212335729142,3.3031262880360455,2.4826246032150014
5043,5.5464423594684416,1.1988902629041225,-0.27105341,3.372666311186282,2.158093070933441
5044,-0.777747616,-1.198890263,-4.518237897,-0.988318939,-2.164958592
5045,8.529781587846665,-0.139080046,-0.841621234,4.195350770773096,2.516360103
5046,1.6832424671458286,0.9278368533318815,-0.253347103,1.3055396602388551,0.7859107391139702
5047,8.529781587846665,1.1988902629041225,1.2815515655446004,4.864335925375394,3.6700744720984626
5048,-0.524400513,-1.198890263,-4.518237897,-0.861645388,-2.080509558
5050,-2.983339228,0,-0.58827413,-1.491669614,-1.190537786
5051,5.5464423594674255,0.6070618153485187,-1.281551566,3.076752087407972,1.6239842030904477
5052,8.529781587846665,0.5882741304371144,0,4.559027859,3.039351906094593
5055,1.6832424671458286,0.7159598867178402,0.8416212335729142,1.1996011769318344,1.0802745291455278
5056,2.5631031310892007,0.24511817605081054,-0.27105341,1.4041106535700056,0.8457226325225901
5057,-4.264890794,-4.939380544,-4.518237897,-4.602135669,-4.574169745
5058,8.529781587846665,2.486474860524387,0,5.508128224185526,3.672085482790351
5060,1.805952078252641,0.3361086947139786,,1.0710303864833097,
5061,2.1231727991175147,0.7571510528365595,-3.42326956,1.440161925977037,-0.180981903
5062,-0.524400513,-0.777747616,-0.58827413,-0.651074064,-0.630140753
5063,5.5464423594684416,1.956041315740682,-0.253347103,3.751241837604562,2.4163788573577745
5064,2.5631031310892007,1.1988902629041225,0,1.8809966969966616,1.2539977979977743
5065,5.5464423594684416,1.7109231396898714,0,3.6286827495791565,2.419121833052771
5066,1.6832424671458286,1.120453114243432,2.9833392283782243,1.4018477906946303,1.9290116032558284
5067,8.529781587846665,5.106512027495739,-0.506694206,6.818146807671202,4.376533136356935
5068,0,0.5066942062715994,0.2533471031357997,0.2533471031357997,0.2533471031357997
5071,1.534898669,1.5608339022018307,-8.529781588,1.5478662854411154,-1.811349672
5074,5.5464423594684416,-0.398739166,0,2.5738515968077373,1.7159010645384916
5075,1.6832424671458286,-0.139080046,-4.518237897,0.7720812104226777,-0.991358492
5076,5.106512027495739,1.770514973806547,0,3.438513500651143,2.292342333767429
5077,5.5464423594674255,0.15008923748804082,-0.317220721,2.8482657984777333,1.793103625363531
5078,5.106512027495739,1.6832424671458286,0.2533471031357997,3.394877247320784,2.347700532592456
5080,5.5464423594674255,1.1988902629041225,1.0282044624088007,3.3726663111857738,2.591179028260116
5081,5.5464423594684416,1.5608339022018305,-0.317220721,3.553638130835136,2.263351846935133
5083,5.5464423594674255,0.5109818132626419,-1.028204462,3.028712086365034,1.676406570107089
5084,5.5464423594684416,2.5631031310892007,0.5882741304371144,4.054772745278822,2.8992732069982523
5085,8.529781587846665,1.8780546230667041,0,5.203918105456685,3.4692787369711233
5086,-0.524400513,-0.841621234,-1.366021746,-0.683010873,-0.910681164
5087,5.5464423594684416,0.5066942062715994,-0.524400513,3.0265682828700204,1.8429120176773335
5088,1.534898669,-4.139229447,-4.264890794,-1.302165389,-2.289740524
5090,2.1231727991175147,0.2533471031357997,3.7404902812147838,1.1882599511266572,2.039003394489366
5091,-0.777747616,-1.15034938,,-0.964048498,
5092,2.5631031310892007,0.5109818132626418,-0.524400513,1.5370424721759213,0.8498948105479339
5093,5.5464423594684416,1.8780546230667041,0,3.712248491267573,2.4748323275117152
5094,5.5464423594684416,2.1231727991175147,0,3.834807579292978,2.5565383861953186
5095,2.1231727991175147,1.0364333894937898,0,1.5798030943056522,1.0532020628704348
5096,-0.524400513,-1.198890263,-4.518237897,-0.861645388,-2.080509558
5097,2.5631031310892007,1.805952078252641,1.0282044624088007,2.184527604670921,1.7990865572502142
5098,2.1231727991175147,0.6070618153485187,0,1.3651173072330167,0.9100782048220112
5099,8.529781587846665,2.3193433771475545,0.27105340957224117,5.424562482,3.706726124855487
5100,1.8059520782526413,1.2897804926295895,-0.253347103,1.5478662854411154,0.9474618225821437
5101,-0.524400513,-0.909720979,0.8416212335729143,-0.717060746,-0.197500086
5102,5.5464423594684416,1.2897804926295895,-0.841621234,3.4181114260490153,1.9982005395083722
5103,2.5631031310892007,1.6832424671458286,-8.529781588,2.1231727991175147,-1.427811997
5104,5.5464423594684416,2.0301740933590406,0.5882741304371144,3.788308226413741,2.721630194421532
5105,4.789291306630865,0.6070618153485187,0,2.6981765609896917,1.7987843739931277
5106,2.1231727991175147,-0.96728258,0.27105340957224094,0.5779451093447632,0.4756478760872558
5107,1.094968336708714,0.27105340957224117,0.27105340957224117,0.6830108731404776,0.5456917186177321
5108,5.5464423594674255,0.9672825804279883,0,3.256862469947707,2.1712416466318047
5109,8.529781587846665,1.3660217462809547,0.2533471031357997,4.947901667,3.3830501457544737
5111,4.789291306630865,1.1558902186895263,-0.757151053,2.9725907626601957,1.729343490827944
5112,8.529781587846665,1.094968336708714,-1.048801025,4.812374962,2.858649633046433
5114,2.5631031310892007,1.1988902629041225,1.2815515655446004,1.8809966969966616,1.6811816531793078
5116,2.1231727991175147,1.6668720319521682,0.7571510528365595,1.8950224155348414,1.515731961302081
5117,5.5464423594684416,1.1988902629041225,-0.253347103,3.372666311186282,2.1639951730789213
5119,8.529781587846665,1.805952078252641,0.27105340957224117,5.167866833049653,3.535595691890516
5120,-4.011543691,-1.198890263,-4.789291307,-2.605216977,-3.333241753
5200,0.7777476158438403,0.5882741304371144,0.27105340957224117,0.6830108731404774,0.545691719
5201,5.5464423594684416,0.9107720426387158,-0.317220721,3.2286072010535785,2.0466645604140945
5202,8.529781587846665,3.289707253902945,0,5.909744420874805,3.9398296139165367
5203,8.529781587846665,1.516110983768996,1.0282044624088007,5.022946285807831,3.691365678008154
5204,2.1231727991175147,0,-0.253347103,1.0615863995587573,0.623275232
5205,4.789291306630865,0.6386675695433675,0.5244005127080409,2.713979438087116,1.984119796294091
5206,-0.524400513,-1.516110984,-4.518237897,-1.020255748,-2.186249798
5209,8.529781587846665,2.5631031310892007,0.2533471031357997,5.5464423594679335,3.782077274023889
5210,8.529781587846665,0,-0.506694206,4.264890793923333,2.6743624605250216
5213,5.5464423594684416,0.1968226168315542,,2.8716324881499977,
5216,-4.264890794,-3.228457404,-4.789291307,-3.746674099,-4.094213168
6101,5.5464423594684416,4.939380544118906,1.2815515655446004,5.242911451793674,3.9224581563773158
6102,4.789291306631881,0,0,2.3946456533159406,1.5964304355439605
6103,1.534898669,-1.036433389,-1.028204462,0.2492326395933051,-0.176579728
6104,0,-0.127685756,0.3172207208648733,-0.063842878,0.063178322
6105,4.789291306631881,-1.89820073,-1.805952078,1.4455452882723048,0.3617128327639894
6107,4.789291306630865,3.228457404429035,3.4232695603499104,4.008874356,3.813672757136603
6111,0,-0.25965912,-0.777747616,-0.12982956,-0.345802245
6112,2.9833392283792404,-4.011543691,-5.106512027,-0.514102231,-2.044905497
6113,1.094968336708714,1.162094736348864,-1.094968337,1.1285315365287891,0.3873649121162881
6114,4.789291306630865,-0.253347103,-0.253347103,2.2679721017475325,1.4275323667864217
6115,4.518237897059641,1.2897804926295895,-0.27105341,2.9040091948446154,1.8456549933723299
6116,1.805952078252641,0.5120328767857489,-0.27105341,1.1589924775191949,0.6823105151553829
6117,1.0282044624088007,-0.127685756,0.8416212335729142,0.4502593530640376,0.5807133132336632
6118,1.534898669,1.4072129123996746,0,1.4710557905400372,0.9807038603600248
6120,1.3660217462809547,0.3619436392977081,-3.740490281,0.8639826927893315,-0.670841632
6122,1.8059520782526413,0,1.534898669,0.9029760391263206,1.1136169156443472
6124,1.3660217462809547,-0.715959887,-0.317220721,0.3250309297815573,0.11094704623274709
6125,4.0115436907870246,0,-3.42326956,2.0057718453935123,0.1960913768123714
6126,-0.439930332,-0.456300767,-0.253347103,-0.44811555,-0.383192734
6127,1.6832424671458286,2.620037166971352,0,2.151639817,1.4344265447057267
6128,8.529781587846665,0,-0.253347103,4.264890793923333,2.7588114949036218
6129,0.2533471031357997,-1.805952078,-5.546442359,-0.776302488,-2.366349112
6130,4.264890793922825,0,-0.253347103,2.1324453969614123,1.3371812302623416
6131,1.534898669,-3.42326956,-3.740490281,-0.944185446,-1.876287058
6132,2.5631031310892007,0.5120328767857489,-1.281551566,1.5375680039374748,0.5978614807767831
6133,4.264890793922825,1.0282044624088007,-1.028204462,2.6465476281658127,1.4216302646409416
6135,-2.983339228,1.516110983768996,0.7777476158438406,-0.733614122,-0.229826876
6136,1.2815515655446004,-0.783086286,0,0.2492326395933051,0.1661550930622034
6137,1.094968336708714,0.6070618153485187,-4.789291307,0.8510150760286164,-1.029087052
6138,5.106512027495739,4.264890793922825,4.0115436907870246,4.685701410709282,4.460982170735196
6139,8.529781587846665,2.0301740933590406,0.4399303319716862,5.279977840602853,3.6666286710591307
6140,0.8416212335729142,0.12566134685507416,-0.253347103,0.48364129021399416,0.23797849243072955
6202,5.106512027496755,1.5608339022018305,0,3.3336729648492924,2.2224486432328616
6203,1.534898669,0.7159598867178402,0.7571510528365595,1.1254292776991202,1.0026698694115999
6204,1.805952078252641,0.131973363,0,0.9689627207622045,0.645975147
6205,1.3660217462809547,-0.150089237,-0.317220721,0.607966254,0.2995705959760136
6206,0.7571510528365595,-0.456300767,-0.757151053,0.1504251428356065,-0.152100256
6207,5.5464423594684416,-0.251322694,-1.805952078,2.6475598328791468,1.163055862501884
6208,5.5464423594684416,1.5608339022018305,3.7404902812147838,3.553638130835136,3.6159221809616855
6209,8.529781587846665,1.259533160543905,-0.317220721,4.894657374195285,3.157364675841899
6210,1.0488010254160816,1.3915065238156732,0,1.2201537746158775,0.8134358497439184
6211,5.106512027495739,-0.25965912,-0.27105341,2.423426453971623,1.5252664994570015
6212,-0.506694206,-1.366021746,-1.805952078,-0.936357976,-1.226222677
6213,0.5882741304371144,-0.608420237,-0.439930332,-0.010073054,-0.153358813
6214,1.3660217462809552,-0.127685756,-0.777747616,0.6191679950001148,0.15352945805212967
6215,5.5464423594684416,2.6812870164452622,0.27105340957224117,4.113864687956852,2.8329275951619817
6216,2.1231727991175147,0.3619436392977081,0,1.2425582192076114,0.8283721461384076
6217,0.5244005127080409,1.2815515655446004,0,0.9029760391263206,0.6019840260842138
6218,8.529781587846665,-0.456300767,-1.534898669,4.036740410340659,2.179527384000306
6219,2.1231727991175147,1.770514973806547,0,1.9468438864620308,1.2978959243080206
6220,8.529781587846665,1.956041315740682,0.8416212335729142,5.242911451793674,3.775814712386754
6221,1.805952078252641,0.8032323933785587,0,1.304592236,0.869728157
6223,1.2815515655446004,-0.421142647,0.3172207208648733,0.4302044592421592,0.3925432131163973
6224,4.789291306630865,1.0282044624088007,0.7571510528365595,2.908747884519833,2.1915489406254083
6225,-0.253347103,3.590401043726743,-0.439930332,1.6685269702954717,0.9657078695397524
6226,0.5066942062715994,1.5191922800963988,-0.439930332,1.012943243183999,0.5286520514654374
6228,-1.534898669,-0.651112923,-1.028204462,-1.093005796,-1.071405351
6231,5.5464423594684416,1.534898669,-0.58827413,3.540670514074421,2.1643556325705755
6232,1.805952078252641,0.5244005127080409,-0.524400513,1.1651762954803409,0.6019840260842136
6242,2.5631031310892007,2.5631031310892007,0,2.5631031310892007,1.7087354207261338
6246,4.264890793922825,1.259533160543905,3.4232695603499104,2.762211977233365,2.982564505
6247,2.5631031310892007,2.4864748605243863,1.2815515655446004,2.5247889958067935,2.110376519052729
6249,5.106512027495739,0.2596591195524937,0,2.6830855735241164,1.7887237156827442
6250,5.5464423594674255,0,-0.253347103,2.7732211797337127,1.764365085443875
6251,1.094968336708714,0.27105340957224117,-0.524400513,0.6830108731404776,0.28054041119097145
6252,1.805952078252641,0.289169284,0,1.0475606810205775,0.6983737873470517
6253,2.1231727991175147,1.8780546230667041,0.4399303319716862,2.000613711092109,1.480385918051968
6254,2.5631031310892007,2.486474860524387,0.5244005127080409,2.524788995806794,1.8579928347738761
6257,2.5631031310892007,0.7777476158438406,0,1.6704253734665206,1.1136169156443472
6259,5.5464423594684416,2.1231727991175147,0.5244005127080409,3.834807579292978,2.731338557097999
6260,8.529781587846665,0.37900844999087374,0,4.4543950189187695,2.9695966792791797
6261,5.106512027495739,0.9310864705820977,,3.0187992490389184,
6263,-0.524400513,-1.195436973,,-0.859918743,
6567,1.534898669,-0.361943639,-0.317220721,0.5864775146913459,0.2852447695059395
7519,8.529781587846665,1.162094736348864,-3.740490281,4.845938162097765,1.9837953476602486
182867,5.5464423594684416,1.534898669,0.3172207208648733,3.540670514074421,2.4661872496712385
5511,0,-4.390552141,-2.983339228,-2.19527607,-2.45796379
5516,0.5244005127080409,-0.777747616,0.8416212335729142,-0.126673552,0.19609137681237157
ADHD101,5.5464423594674255,-0.456300767,0,2.5450707961510397,1.6967138641006931
ADHD102,-0.253347103,-0.127685756,-0.506694206,-0.19051643,-0.295909022
ADHD103,-0.524400513,-1.805952078,-4.518237897,-1.165176295,-2.282863496
ADHD105,0.8416212335729142,-1.3489795,-1.366021746,-0.253679133,-0.624460004
ADHD106,8.529781587846665,4.390552140777899,0,6.460166864312282,4.3067779095415215
ADHD107,1.6832424671458286,0.15008923748804082,1.0282044624088007,0.9166658523169346,0.9538453890142233
ADHD108,0.7777476158438406,0.38532046640756773,0.27105340957224117,0.5815340411257042,0.47804049727454984
ADHD109,-1.281551566,-1.71092314,-1.683242467,-1.496237353,-1.558572391
ADHD110,-0.253347103,-1.162094736,-2.123172799,-0.70772092,-1.179538213
ADHD111,5.5464423594674255,-0.253347103,-0.757151053,2.6465476281658127,1.5119814011650219
ADHD112,-0.524400513,-1.516110984,-5.106512027,-1.020255748,-2.382341175
ADHD113,-0.524400513,0.12768575628072557,0.2533471031357997,-0.198357378,-0.047789218
ADHD115,-1.048801025,-0.909720979,-4.789291307,-0.979261002,-2.249271104
ADHD116,0.5066942062715994,-0.127685756,0,0.18950422499543687,0.1263361499969579
ADHD118,1.6832424671458286,-0.970363877,-3.740490281,0.3564392951952187,-1.009203897
ADHD119,0,-1.366021746,-5.546442359,-0.683010873,-2.304154702
ADHD120,5.106512027495739,1.1620947363488638,0.27105340957224094,3.134303381922302,2.1798867244722815
ADHD121,-0.524400513,-1.878054623,-2.123172799,-1.201227568,-1.508542645
ADHD122,1.094968336708714,0.7571510528365595,0.5882741304371144,0.9260596947726367,0.8134645066607961
ADHD123,1.3660217462809547,0,-1.534898669,0.6830108731404774,-0.056292307
ADHD124,3.4232695603499104,0,0,1.7116347801749552,1.141089853
ADHD126,0.4399303319716861,0,-2.983339228,0.21996516598584304,-0.847802965
ADHD127,2.5631031310892007,1.516110983768996,0.4399303319716862,2.039607057429098,1.5063814822766275
ADHD128,0.27105340957224094,-0.251322694,0,0.009865358,0.006576905
ADHD129,5.106512027495739,0.421142647,0,2.763827337278011,1.8425515581853407
ADHD130,1.805952078252641,0.45630076716534645,0,1.1311264227089937,0.7540842818059957
ADHD131,2.1231727991175147,0.6070618153485187,3.4232695603499104,1.3651173072330167,2.051168058271981
AF100,-4.518237897,0.15008923748804104,2.9833392283792404,-2.18407433,-0.461603144
AF100A,5.5464423594674255,-0.757151053,-0.439930332,2.394645653315433,1.449786992
AF101,0,-0.67448975,0.7571510528365595,-0.337244875,0.027553767546825925
AF102,2.1231727991175147,-1.683242467,-1.534898669,0.21996516598584304,-0.364989446
AF108,-0.524400513,-1.366021746,-4.518237897,-0.945211129,-2.136220052
AF110,0,0,0,0,0
AF114,8.529781587846665,1.3660217462809552,2.9833392283782243,4.947901667,4.293047520835281
AF116,8.529781587846665,0.6386675695433675,,4.584224578695016,
AF120,0.27105340957224094,2.620037166971352,2.9833392283782243,1.4455452882717963,1.9581432683072724
AF121,-1.028204462,-0.715959887,-0.58827413,-0.872082175,-0.777479493
AF122,2.5631031310892007,-1.162094736,-8.529781588,0.7005041973701684,-2.376257731
AF123,2.1231727991175147,1.6448536269514729,1.2815515655446004,1.8840132130344938,1.683192663871196
AF124,1.805952078252641,-2.123172799,-8.529781588,-0.15861036,-2.94900077
AF125,0,-1.560833902,-8.529781588,-0.780416951,-3.363538497
AF128,-8.529781588,-8.529781588,-8.529781588,-8.529781588,-8.529781588
ASD101,-0.317220721,-1.155890219,-0.506694206,-0.73655547,-0.659935049
ASD102,-0.777747616,0.6070618153485187,-4.011543691,-0.0853429,-1.394076497
ASD103,-0.777747616,-1.366021746,-4.518237897,-1.071884681,-2.220669086
ASD104,2.1231727991175147,-0.970363877,-0.439930332,0.5764044611810617,0.2376261967968124
ASD105,5.5464423594674255,0.25132269371014815,-0.439930332,2.8988825265887868,1.785944907068629
ASD106,0,-1.878054623,-5.546442359,-0.939027312,-2.474832328
ASD107,4.518237897058625,-0.150089237,-0.58827413,2.184074329785292,1.259958176377823
ASD108,-0.777747616,-4.789291307,-5.546442359,-2.783519461,-3.704493761
ASD109,2.5631031310892007,0.7777476158438403,-0.253347103,1.6704253734665206,1.0291678812657472
ASD110,1.6832424671458286,1.8982007300872725,0,1.7907215986165506,1.1938143990777004
ASD113,4.518237897058625,1.0364333894937898,2.9833392283782243,2.7773356432762073,2.8460035049768795
ASD114,2.5631031310892007,-1.259533161,2.9833392283782243,0.6517849852726478,1.4289697329745066
ASD115,8.529781587846665,-1.162094736,2.9833392283782243,3.6838434257489006,3.4503420266253415
ASD118,-0.777747616,-1.71092314,-4.789291307,-1.244335378,-2.425987354
ASD119,-0.841621234,-4.939380544,-4.264890794,-2.890500889,-3.348630857
ASD120,3.7404902812147838,2.9833392283782243,-1.094968337,3.361914754796504,1.876287057628098
ASD121,-1.281551566,-0.125661347,-0.777747616,-0.703606456,-0.728320176
ASD125,1.805952078252641,-2.620037167,-0.439930332,-0.407042544,-0.41800514
ASD126,-0.841621234,-1.421753856,-8.529781588,-1.131687545,-3.597718892
ASD127,1.2815515655446004,-0.524400513,-1.028204462,0.37857552641827974,-0.090351137
ASD128,-0.506694206,0.7159598867178402,-0.439930332,0.10463284022312036,-0.076888217
ASD129,4.264890793922825,-0.363302061,-0.439930332,1.950794366257976,1.1538861335147554
ASD130,4.0115436907870246,3.4232695603499104,4.0115436907870246,3.7174066255684677,3.815452313974653
ASD131,0.5244005127080409,-0.783086286,0,-0.129342887,-0.086228591
ASD132,0,-2.620037167,-2.983339228,-1.310018583,-1.867792132
ASD133,8.529781587846665,0.3790084499908739,-3.740490281,4.4543950189187695,1.7227665855409182
B,8.529781587846665,1.516110983768996,0.27105340957224117,5.022946285807831,3.438981993729301
BL101,1.805952078252641,-0.506694206,,0.6496289359905207,
BL102,-0.524400513,-1.198890263,-4.518237897,-0.861645388,-2.080509558
BL104,5.5464423594674255,1.1988902629041225,0,3.3726663111857738,2.2484442074571827
BL105,5.5464423594684416,2.486474860524387,5.106512027495739,4.016458609996414,4.379809749162856
BL106,2.5631031310892007,1.094968336708714,0,1.8290357338989573,1.2193571559326382
BL108,1.6832424671458286,0.3790084499908739,4.0115436907870246,1.0311254585683511,2.024598202641242
BL110,5.5464423594684416,0,-1.028204462,2.7732211797342208,1.5060792990198804
BL112,8.529781587846665,1.8780546230667041,0,5.203918105456685,3.4692787369711233
BL114,8.529781587846665,5.106512027495739,1.534898669,6.818146807671202,5.057064094674268
BL116,1.6832424671458286,1.956041315740682,-1.534898669,1.8196418914432553,0.7014617047353702
BL117,8.529781587846665,1.8059520782526413,-2.983339228,5.167866833049653,2.4507981459070276
BL118,1.534898669,2.0301740933590406,-2.983339228,1.7825363810197203,0.19391117788707213
BL119,1.8059520782526413,1.8059520782526413,-0.777747616,1.8059520782526413,0.9447188468871474
BL122,8.529781587846665,0.3172207208648733,0,4.423501154355769,2.9490007695705125
BL123,-0.524400513,-1.198890263,-4.518237897,-0.861645388,-2.080509558
BL124,0,-4.139229447,-4.789291307,-2.069614724,-2.976173585
BL125,8.529781587846665,1.0488010254160816,0,4.789291306631373,3.192860871087582
BL127,-0.841621234,-1.878054623,-2.123172799,-1.359837928,-1.614282885
BL130,5.5464423594684416,0.289169284,0.2533471031357997,2.9178058216284777,2.029652915464252
BL131,-0.524400513,-1.198890263,-4.518237897,-0.861645388,-2.080509558
BL132,5.106512027495739,2.486474860524387,0.5882741304371144,3.7964934440100633,2.7270870061524133
BL133,2.5631031310892007,1.2269416999804819,0.27105340957224117,1.8950224155348412,1.353699413547308
BL134,5.5464423594684416,5.5464423594674255,1.534898669,5.5464423594679335,4.209261129205422
BL135,-0.253347103,-1.162094736,-4.518237897,-0.70772092,-1.977893246
BL136,5.5464423594684416,1.7109231396898714,1.534898669,3.6286827495791565,2.9307547226129045
BL140,4.518237897059641,-0.27105341,-0.27105341,2.123592244,1.3253770259717195
BL142,3.4232695603499104,1.7109231396898714,4.518237897058625,2.5670963500198907,3.2174768656994686
BL143,8.529781587846665,2.5631031310892007,0.3172207208648733,5.5464423594679335,3.80336848
BL144,1.805952078252641,-0.421142647,-1.281551566,0.6924047155961796,0.034419289
BL145,1.6832424671458286,1.0364333894937898,0,1.3598379283198092,0.9065586188798728
BL146,2.5631031310892007,1.0488010254160816,-1.028204462,1.8059520782526413,0.8612332313654939
BL147,5.5464423594674255,3.289707253902945,0.7777476158438406,4.418074806685185,3.20463241
BL148,8.529781587846665,1.3660217462809547,-0.439930332,4.947901667,3.1519576673853114
BL149,5.5464423594684416,2.0728667789875797,-0.58827413,3.8096545692280106,2.343678336006302
BL150,1.6832424671458286,0.65006186,-0.253347103,1.1666521633544717,0.6933190745243812
BL151,8.529781587846665,0.3619436392977081,3.7404902812147838,4.445862613572187,4.210738502786386
BS102,-3.740490281,-0.970363877,-2.983339228,-2.355427079,-2.564731129
BS103,-0.253347103,-0.251322694,-1.094968337,-0.252334898,-0.533212711
BS104,1.8059520782526413,-0.970363877,0,0.41779410074862505,0.27852940049908337
BS105,0,-1.2269417,-0.777747616,-0.61347085,-0.668229772
BS106,0,-0.803232393,-3.42326956,-0.401616197,-1.408833985
BS107,1.6832424671458286,-1.391506524,-3.42326956,0.1458679716650777,-1.043844539
BS108,1.534898669,0.289169284,0,0.912033976,0.6080226508229714
BS109,8.529781587846665,1.4217538559013576,-0.506694206,4.9757677218740115,3.148280412492141
BS110,-8.529781588,-5.909744421,0.7571510528365595,-7.219763004,-4.560791652
BS111,-0.58827413,-1.198890263,-1.366021746,-0.893582197,-1.051062047
BS112,0.8416212335729142,-0.253347103,0.8416212335729142,0.2941370652185572,0.4766317880033428
BS113,-4.518237897,-0.783086286,0.31722072086487363,-2.650662092,-1.661367821
BS114,-0.524400513,-1.094968337,,-0.809684425,
BS115,5.106512027495739,0.16713148337683248,-4.264890794,2.636821755436286,0.33625090564991567
EEG003,5.5464423594674255,2.1231727991175147,-0.439930332,3.834807579,2.409894942204418
EEG004,5.5464423594684416,1.534898669,0.5882741304371144,3.540670514074421,2.5565383861953186
EEG011,2.5631031310892007,-0.131973363,0.7777476158438406,1.2155648839087163,1.0696257945537577
EEG012,5.106512027496755,-0.127685756,-1.805952078,2.4894131356080145,1.057624730987796
EEG014,5.5464423594674255,0.6386675695433675,-0.27105341,3.0925549645053962,1.9713521731461838
EEG019,8.529781587846665,-0.63866757,-1.366021746,3.945557009151649,2.175030757340781
EEG023,5.106512027495739,1.6668720319521682,-0.524400513,3.386692029723954,2.0829945155799554
EEG024,8.529781587846665,1.0488010254160816,0.7777476158438406,4.789291306631373,3.452110076368862
EEG025,8.529781587846665,1.8982007300872725,3.7404902812147838,5.213991158966969,4.722824199716241
EEG028,8.529781587846665,1.8982007300872725,0.4399303319716862,5.213991158966969,3.6226375499685415
EEG029,5.106512027496755,0.289169284,-0.506694206,2.697840655642634,1.6296623683378897
EEG031,-0.524400513,-1.366021746,-4.518237897,-0.945211129,-2.136220052
EEG032,2.5631031310892007,1.0598102166036494,1.534898669,1.811456673846425,1.7192706721244166
EEG033,8.529781587846665,-1.366021746,-4.789291307,3.581879920782855,0.7914895116446097
EEG034,2.5631031310892007,0.9672825804279883,-1.281551566,1.7651928557585945,0.7496113819908629
EEG035,1.3660217462809547,0.289169284,4.264890793922825,0.8275955150347344,1.9733606079974313
EEG036,5.5464423594684416,0.131973363,-1.094968337,2.8392078613701046,1.5278157953438318
EEG037,5.5464423594674255,5.106512027495739,0.5244005127080409,5.326477193481582,3.7257849665570686
EEG038,1.805952078252641,-1.3489795,-5.106512027,0.2284862889302388,-1.549846483
EEG041,2.1231727991175147,1.1558902186895263,-0.841621234,1.6395315089035205,0.8124805947447089
EEG042,2.1231727991175147,0.8416212335729142,0,1.4823970163452145,0.9882646775634764
EEG043,-0.524400513,-1.059810217,-2.123172799,-0.792105365,-1.235794509
EEG044,8.529781587846665,4.939380544118906,-2.983339228,6.734581065982786,3.4952743011957828
EEG045,8.529781587846665,2.6812870164452622,0.8416212335729142,5.605534302145964,4.0175632792882805
EEG046,1.534898669,0.7777476158438406,-0.253347103,1.1563231422621203,0.6864330604628136
EEG047,-0.777747616,-1.198890263,-2.563103131,-0.988318939,-1.513247003
EEG048,-0.524400513,-0.63866757,-4.518237897,-0.581534041,-1.89376866
EEG049,5.106512027496755,2.1692541396595137,0.5882741304371144,3.637883083578134,2.621346765864461
EEG050,2.1231727991175147,2.9264051924960732,1.2815515655446004,2.524788995806794,2.1103765190527297
EEG051,4.789291306630865,1.5608339022018305,0.3172207208648733,3.1750626044163477,2.222448643232523
EEG052,4.789291306630865,0.8962310991370326,0,2.842761202883949,1.8951741352559661
FF001,1.2815515655446004,1.259533160543905,-3.42326956,1.2705423630442527,-0.294061611
FF002,-0.777747616,-1.3489795,-4.518237897,-1.063363558,-2.214988338
FF003,-0.524400513,-1.2269417,-1.909191757,-0.875671106,-1.22017799
FF004,5.106512027496755,2.4864748605243863,0.2533471031357997,3.7964934440105704,2.6154446637189803
FF005,4.789291306630865,0.7830862863579902,4.0115436907870246,2.786188796494428,3.194640427925293
FF006,-0.524400513,0.7706409328151355,0.5244005127080409,0.1231202100535474,0.25688031093837854
FF007,8.529781587846665,1.8780546230667041,-0.27105341,5.203918105456685,3.3789276004470428
FF008,8.529781587846665,0.65006186,0,4.589921724,3.0599478158032603
FF010,2.5631031310892007,2.3193433771475545,0.5882741304371144,2.441223254118378,1.8235735462246234
FF012,2.5631031310892007,8.529781587846665,0.7777476158438406,5.5464423594679335,3.956877444926569
FF013,2.1231727991175147,1.6832424671458286,0.7571510528365595,1.9032076331316716,1.521188773033301
FF014,5.5464423594684416,1.956041315740682,-3.740490281,3.751241837604562,1.2539977979981134
FF015,1.6832424671458286,1.094968336708714,,1.3891054019272713,
FF016,-0.439930332,-0.67448975,-1.534898669,-0.557210041,-0.88310625
FF017,8.529781587846665,2.6812870164452627,-1.028204462,5.605534302145964,3.3942880472943755
FF018,8.529781587846665,2.1231727991175147,4.0115436907870246,5.326477193,4.8881660259170685
FF019,5.5464423594684416,2.1231727991175147,5.106512027495739,3.834807579292978,4.258709062027232
FF020,1.094968336708714,2.0301740933590406,1.094968336708714,1.5625712150338773,1.4067035889254893
FF022,8.529781587846665,1.956041315740682,-0.58827413,5.242911451793674,3.299182924383411
FF023,2.5631031310892007,0,-0.777747616,1.2815515655446004,0.5951185050817868
FF024,8.529781587846665,0.5109818132626419,-0.253347103,4.520381700554654,2.929138765991169
FF025,5.5464423594674255,1.2897804926295895,0.27105340957224117,3.4181114260485073,2.3690920872230854
FF027,4.789291306631881,0.7706409328151355,-0.58827413,2.7799661197235084,1.6572193696699673
FF028,5.106512027495739,1.6832424671458286,0.3172207208648733,3.394877247320784,2.3689917385021473
FF030,1.3660217462809547,0.5488284033410077,-3.740490281,0.9574250748109812,-0.608546711
FF031,-0.524400513,-1.366021746,-4.518237897,-0.945211129,-2.136220052
FF032,4.789291306630865,0.5882741304371144,0.7571510528365595,2.688782719,2.0449054966348466
FF042,8.529781587846665,0.5109818132626419,0.2533471031357997,4.520381700554654,3.098036834748369
FF050,-0.253347103,,,,
FF054,1.3660217462809552,-0.127685756,1.0282044624088007,0.6191679950001148,0.7555134841363434
FF055,5.5464423594674255,-0.910772043,-8.529781588,2.317835158414355,-1.29803709
FF056,4.0115436907870246,-0.456300767,-1.094968337,1.777621461810839,0.820091529
FF058,1.805952078252641,0.13908004630047316,0.27105340957224117,0.9725160622765571,0.7386951780417851
FF060,-0.524400513,1.956041315740682,-0.253347103,0.7158204015163206,0.39276456663228054
FF062,5.5464423594684416,2.317984955,0.7777476158438403,3.932213657253416,2.8807249767835574
FF063,8.529781587846665,1.0598102166036494,1.3660217462809547,4.794795902225157,3.651871184
FF064,1.805952078252641,0.37900844999087374,-0.27105341,1.0924802641217575,0.6379690395570913
FF065,8.529781587846665,2.1231727991175147,0.7571510528365595,5.326477193,3.8033684799335794
FF066,5.106512027496755,1.1988902629041225,0.8416212335729142,3.1527011452004388,2.3823411746579306
FF067,5.106512027496755,1.3489795003921634,0.8416212335729142,3.227745763944459,2.432370920487277
FF069,2.5631031310892007,1.956041315740682,0.7777476158438406,2.259572223414941,1.7656306875579075
FF072,8.529781587846665,4.939380544119922,0.31722072086487363,6.734581065983294,4.595460950943821
FF083,2.1231727991175147,1.6448536269514729,0,1.8840132130344938,1.2560088086896626
FF086,0.7777476158438406,0.3790084499908739,0,0.5783780329173572,0.3855853552782382
FF100,5.5464423594674255,0.9672825804279883,-1.094968337,3.256862469947707,1.8062522010622333
ID115,0.7777476158438406,0.1276857562807257,-0.58827413,0.4527166860622831,0.1057197472291506
ID116,1.3660217462809547,3.7404902812147838,0,2.5532560137478693,1.7021706758319128
ID117,0.8416212335729142,0,-2.983339228,0.4208106167864571,-0.713905998
ID118,1.534898669,0.2533471031357997,0,0.8941228859080999,0.5960819239387333
ID119,1.8059520782526413,-1.51919228,-4.264890794,0.14337989907812165,-1.326043665
ID120,0.8416212335729142,0.5488284033410077,-0.757151053,0.6952248184569609,0.21109952802578746
ID121,-0.253347103,-2.123172799,-8.529781588,-1.188259951,-3.63543383
ID123,2.5631031310892007,-0.548828403,2.9833392283782243,1.0071373638740966,1.665871318708806
ID124,5.106512027495739,-0.27105341,-4.264890794,2.417729308961749,0.19018927466655247
ID126,-2.983339228,-1.195436973,,-2.089388101,
KO101,4.789291306631881,-1.366021746,-2.123172799,1.7116347801754632,0.4333655870778039
KO102,5.5464423594674255,1.0364333894937898,-3.42326956,3.2914378744806077,1.053202062870435
KO103,1.0488010254160816,0.7777476158438406,0.3172207208648733,0.9132743206299611,0.7145897873749317
KO104,5.5464423594674255,-0.385320466,-4.011543691,2.580560946529929,0.3831927340909444
KO105,1.094968336708714,0,0.5882741304371146,0.547484168,0.5610808223819429
KO106,-0.506694206,-2.563103131,-1.805952078,-1.534898669,-1.625249805
KO107,0.2533471031357997,-1.198890263,-0.524400513,-0.47277158,-0.489981224
KO108,-0.524400513,-1.366021746,-4.789291307,-0.945211129,-2.226571189
KO109,-4.518237897,-1.534898669,-1.683242467,-3.026568283,-2.578793011
KO110,0.2533471031357997,-0.96728258,-2.563103131,-0.356967739,-1.092346203
KO111,1.8059520782526413,-0.127685756,0.2533471031357997,0.8391331609859578,0.6438711417025718
KO112,-0.524400513,-4.789291307,-4.518237897,-2.65684591,-3.277309905
KO113,0,-0.548828403,-0.757151053,-0.274414202,-0.435326485
KO115,-0.777747616,-1.366021746,-5.106512027,-1.071884681,-2.416760463
KO116,0,-1.878054623,-1.366021746,-0.939027312,-1.08135879
KO118,-0.253347103,-1.560833902,-5.546442359,-0.907090503,-2.453541122
KO119,-0.524400513,-1.956041316,-5.546442359,-1.240220914,-2.675628063
KO121,-0.253347103,-1.366021746,-1.805952078,-0.809684425,-1.141773643
KO123,-0.777747616,-0.970363877,-1.534898669,-0.874055746,-1.09433672
KO124,0,0.19481215592087564,0,0.097406078,0.064937385
KO125,4.518237897058625,2.9833392283782243,-2.983339228,3.7507885627184248,1.506079299019542
KO126,1.0282044624088007,-0.27105341,0.3172207208648733,0.37857552641827974,0.3581239245671443
KO127,0.8416212335729142,-0.803232393,-3.42326956,0.019194420097177756,-1.128293573
KOR101,-0.524400513,-1.366021746,-4.518237897,-0.945211129,-2.136220052
KOR102,1.534898669,0.5244005127080409,0.5066942062715994,1.0296495906942205,0.8553311292200134
KOR103,-0.524400513,-1.3489795,-4.518237897,-0.936690007,-2.130539303
KOR104,5.5464423594684416,0,1.094968336708714,2.7732211797342208,2.2138035653923853
KOR105,2.5631031310892007,0,-2.983339228,1.2815515655446004,-0.140078699
KOR106,-8.529781588,-1.198890263,-4.518237897,-4.864335925,-4.748969916
KOR107,2.5631031310892007,1.4072129123996746,-1.028204462,1.9851580217444376,0.9807038603600248
KOR108_1,4.789291306630865,1.6832424671458286,0,3.236266886888347,2.1575112579255644
KOR108_2,0.5066942062715994,0.7830862863579902,0,0.6448902463147947,0.42992683087652983
KOR109_1,8.529781587846665,1.805952078252641,,5.167866833049653,
KOR109_2,2.1231727991175147,0.3790084499908739,-4.011543691,1.2510906245541942,-0.503120814
KOR110,0.7777476158438406,0.12566134685507416,0,0.45170448134945734,0.3011363208996382
KOR111,1.094968336708714,-0.131973363,-4.789291307,0.481497487,-1.275432111
KOR112,1.805952078252641,0.9107720426387158,0.3172207208648733,1.3583620604456783,1.0113149472520766
KOR113,5.5464423594674255,1.534898669,0,3.5406705140739128,2.3604470093826087
KOR114,5.106512027495739,0.9107720426387158,-0.58827413,3.0086420350672274,1.8096699798991134
KOR115,1.6832424671458286,0,-3.42326956,0.8416212335729143,-0.580009031
KOR116,1.3660217462809552,0.6070618153485187,0.2533471031357997,0.986541781,0.7421435549217579
KOR118,8.529781587846665,2.169254139659513,0,5.349517863753089,3.5663452425020594
KOR119,8.529781587846665,2.1231727991175147,-2.983339228,5.326477193,2.5565383861953186
KOR120,-0.524400513,-1.516110984,-4.518237897,-1.020255748,-2.186249798
KOR121,1.0282044624088007,4.789291306630865,0.4399303319716862,2.908747884519833,2.0858087003371173
KOR123,4.518237897058625,-0.524400513,-4.011543691,1.996918692175292,-0.005902102
KOR124,8.529781587846665,1.1558902186895263,-0.58827413,4.842835903268096,3.032465892033026
KOR125,0,-0.800151097,0.2533471031357997,-0.400075549,-0.182267998
KOR126,-0.524400513,-1.198890263,-4.518237897,-0.861645388,-2.080509558
KOR127,2.5631031310892007,4.139229447,0,3.3511662890784755,2.2341108593856505
KOR128,5.106512027495739,1.6448536269514729,2.9833392283782243,3.3756828272236064,3.244901627608479
KOR129,1.3660217462809547,0.5244005127080409,3.7404902812147838,0.9452111294944978,1.876970846734593
KOR130,-0.524400513,-1.198890263,-4.518237897,-0.861645388,-2.080509558
KOR131,-0.524400513,-1.516110984,-8.529781588,-1.020255748,-3.523431028
KOR132,8.529781587846665,0.1276857562807257,0.27105340957224117,4.328733672063696,2.9761735845665442
KOR133,1.6832424671458286,0.25132269371014815,-1.028204462,0.9672825804279883,0.3021202328157253
KOR134,5.5464423594674255,0.27105340957224117,0,2.9087478845198333,1.9391652563465556
KOR135,2.5631031310892007,1.7109231396898714,0,2.137013135389536,1.4246754235930241
KOR136,-0.524400513,0.25132269371014815,2.1231727991175147,-0.136538909,0.6166983267065408
KOR137,-1.366021746,0.2596591195524937,-0.317220721,-0.553181313,-0.474527783
KOR139,8.529781587846665,0.7777476158438403,0.5066942062715994,4.6537646018452525,3.271407803320702
KOR140,-0.524400513,-1.198890263,-4.518237897,-0.861645388,-2.080509558
KOR141,-0.524400513,-1.198890263,-4.518237897,-0.861645388,-2.080509558
KOR144,5.5464423594674255,0.289169284,-0.439930332,2.9178058216279696,1.798560437094751
KOR145,8.529781587846665,0.9278368533318815,0.4399303319716862,4.728809220589273,3.2991829243834108
KOR146,1.0282044624088007,-1.2269417,-0.439930332,-0.099368619,-0.21288919
KOR147,-0.524400513,-1.366021746,-4.518237897,-0.945211129,-2.136220052
KOR148,5.106512027495739,-0.96728258,-2.123172799,2.0696147235338755,0.6720188826500788
KOR149,8.529781587846665,1.2815515655446004,-4.264890794,4.905666576695633,1.8488141198228136
KOR150,5.5464423594674255,0.16713148337683248,0.4399303319716862,2.856786921422129,2.051168058271981
KOR151,5.106512027495739,0.27105340957224117,-2.983339228,2.6887827185339903,0.7980754028965854
KOR152,5.106512027495739,1.7109231396898714,0,3.4087175835928054,2.2724783890618703
KOR153,5.5464423594684416,0.37900844999087374,-0.253347103,2.9627254047296576,1.8907012354411716
KOR154,0.5244005127080407,-0.909720979,-1.094968337,-0.192660233,-0.493429601
KOR155,5.5464423594684416,0.8416212335729142,0,3.1940317965206777,2.129354531013785
KOR156,5.5464423594674255,1.4217538559013576,1.534898669,3.4840981076843915,2.8343649613497277
KOR157,5.5464423594684416,1.3489795003921634,-0.58827413,3.4477109299303024,2.1023825764744966
KOR158,-0.524400513,1.226941699980482,0,0.3512705936362207,0.23418039575748048
KOR159,5.5464423594674255,-0.510981813,0,2.5177302731023916,1.6784868487349278
KOR160,5.5464423594684416,0.9278368533318815,0.3172207208648733,3.2371396064001616,2.2638333112217324
KOR201,0,-1.71092314,-4.518237897,-0.85546157,-2.076387012
KOR202,-3.740490281,-4.939380544,-5.106512027,-4.339935413,-4.595460951
KOR203,0.2533471031357997,-1.366021746,-5.546442359,-0.556337322,-2.219705668
LA101,5.5464423594674255,2.6812870164452627,0,4.113864687956344,2.7425764586375627
LA102,5.5464423594674255,2.4864748605243863,1.534898669,4.016458609995906,3.1892719628907376
LA103,5.5464423594674255,0.38532046640756773,-4.011543691,2.9658814129374966,0.6400730450289842
LA105,5.106512027495739,1.3660217462809552,-0.27105341,3.2362668868883473,2.0671601214014843
MG100,-0.524400513,2.4864748605243863,0.2533471031357997,0.9810371739081728,0.7384738169840485
MX101,5.5464423594684416,1.516110983768996,-0.27105341,3.531276671618719,2.2638333112217324
MX102,2.5631031310892007,0.7706409328151355,1.6832424671458286,1.6668720319521682,1.6723288436833883
MX103,0.5066942062715994,-0.385320466,-3.42326956,0.06068687,-1.10063194
MX104,0.2533471031357997,-0.127685756,0.2533471031357997,0.062830673,0.12633614999695797
MX105,1.534898669,-1.048801025,-0.777747616,0.24304882163215924,-0.097216658
MX106,4.789291306631881,1.3915065238156732,3.7404902812147838,3.090398915223777,3.3070960372207794
MX107,5.5464423594684416,0.7830862863579902,0.4399303319716862,3.164764322913216,2.256486325932706
MX108,0.27105340957224117,-2.030174093,-1.028204462,-0.879560342,-0.929108382
MX110,-0.777747616,-1.71092314,-5.106512027,-1.244335378,-2.531727594
MX111,-1.094968337,-5.301324183,-5.106512027,-3.19814626,-3.834268183
TB101,5.106512027495739,2.6812870164452627,0.8416212335729142,3.893899521970501,2.876473425837972
TB102,5.5464423594684416,0.3790084499908739,-1.094968337,2.9627254047296576,1.6101608242502004
TB103,4.789291306630865,-0.253347103,-0.777747616,2.2679721017475325,1.2527321958837414
TB104,-0.777747616,-1.366021746,-4.264890794,-1.071884681,-2.136220052
TB105,2.5631031310892007,1.0282044624088007,-0.317220721,1.7956537967490007,1.0913622908777094
TB107,-1.048801025,-1.89820073,-5.106512027,-1.473500878,-2.684504594
TB108,2.1231727991175147,0.2533471031357997,0.5882741304371144,1.1882599511266572,0.9882646775634761
